{
  "configVersion": 1,
  "timestamp": 1595858001942,
  "index": "/index.html",
  "assetGroups": [
    {
      "name": "app",
      "installMode": "prefetch",
      "updateMode": "prefetch",
      "urls": [
        "/1-es2015.115ba62388be746f3429.js",
        "/1-es5.115ba62388be746f3429.js",
        "/6-es2015.bcdeb3aedd91f069bb33.js",
        "/6-es5.bcdeb3aedd91f069bb33.js",
        "/7-es2015.03a7512e3fc15776c62e.js",
        "/7-es5.03a7512e3fc15776c62e.js",
        "/favicon.ico",
        "/index.html",
        "/main-es2015.7612ff6009e8d1e5fa28.js",
        "/main-es5.7612ff6009e8d1e5fa28.js",
        "/manifest.webmanifest",
        "/polyfills-es2015.e4fd839411335fa27ae8.js",
        "/polyfills-es5.591a1cfb7966a8b23633.js",
        "/runtime-es2015.ae530bd1527333e04022.js",
        "/runtime-es5.ae530bd1527333e04022.js",
        "/styles.366f6c47da717ed92449.css"
      ],
      "patterns": []
    },
    {
      "name": "assets",
      "installMode": "lazy",
      "updateMode": "prefetch",
      "urls": [
        "/assets/icons/icon-128x128.png",
        "/assets/icons/icon-144x144.png",
        "/assets/icons/icon-152x152.png",
        "/assets/icons/icon-192x192.png",
        "/assets/icons/icon-384x384.png",
        "/assets/icons/icon-512x512.png",
        "/assets/icons/icon-72x72.png",
        "/assets/icons/icon-96x96.png"
      ],
      "patterns": []
    }
  ],
  "dataGroups": [],
  "hashTable": {
    "/1-es2015.115ba62388be746f3429.js": "d918b40abd6bff1233d22fff726540818098e63d",
    "/1-es5.115ba62388be746f3429.js": "78c27c6b303e47d2ecc8149552b97c8f1cff287a",
    "/6-es2015.bcdeb3aedd91f069bb33.js": "5d44e3bf6ee529a36503474486eb42dd65b4cc50",
    "/6-es5.bcdeb3aedd91f069bb33.js": "45222495a60826e5916320f62d2b6d9d6597d48c",
    "/7-es2015.03a7512e3fc15776c62e.js": "a6cb521605bba01ecea45c0ba9d70765b06d4fd9",
    "/7-es5.03a7512e3fc15776c62e.js": "19cc9676724744268f33a7a9f26a1c44b9c55f5e",
    "/assets/icons/icon-128x128.png": "dae3b6ed49bdaf4327b92531d4b5b4a5d30c7532",
    "/assets/icons/icon-144x144.png": "b0bd89982e08f9bd2b642928f5391915b74799a7",
    "/assets/icons/icon-152x152.png": "7479a9477815dfd9668d60f8b3b2fba709b91310",
    "/assets/icons/icon-192x192.png": "1abd80d431a237a853ce38147d8c63752f10933b",
    "/assets/icons/icon-384x384.png": "329749cd6393768d3131ed6304c136b1ca05f2fd",
    "/assets/icons/icon-512x512.png": "559d9c4318b45a1f2b10596bbb4c960fe521dbcc",
    "/assets/icons/icon-72x72.png": "c457e56089a36952cd67156f9996bc4ce54a5ed9",
    "/assets/icons/icon-96x96.png": "3914125a4b445bf111c5627875fc190f560daa41",
    "/favicon.ico": "22f6a4a3bcaafafb0254e0f2fa4ceb89e505e8b2",
    "/index.html": "229acf3b611546e103da57591d6a26aa64af1184",
    "/main-es2015.7612ff6009e8d1e5fa28.js": "f2996113baa6c486c3522b63dbae1fd9c86256f4",
    "/main-es5.7612ff6009e8d1e5fa28.js": "de14802ffe0b20f4e1f2c7d9c8200e7ab51ba5e1",
    "/manifest.webmanifest": "cc0a7ab9ef81cd0914fd707f50fa9b8ee449713a",
    "/polyfills-es2015.e4fd839411335fa27ae8.js": "bfa15cec258471785b84afbc975b4572f44f71f3",
    "/polyfills-es5.591a1cfb7966a8b23633.js": "bcb7c077ce793a6b80a9210c71667ca248369206",
    "/runtime-es2015.ae530bd1527333e04022.js": "be903a89be15261b55e23de25a4ffe1787722227",
    "/runtime-es5.ae530bd1527333e04022.js": "5e42403dc6a271f21b0d5e9e5dc0446ddbe0a06c",
    "/styles.366f6c47da717ed92449.css": "dcf7e1910090261b968ff12121d3cb812c1171d6"
  },
  "navigationUrls": [
    {
      "positive": true,
      "regex": "^\\/.*$"
    },
    {
      "positive": false,
      "regex": "^\\/(?:.+\\/)?[^/]*\\.[^/]*$"
    },
    {
      "positive": false,
      "regex": "^\\/(?:.+\\/)?[^/]*__[^/]*$"
    },
    {
      "positive": false,
      "regex": "^\\/(?:.+\\/)?[^/]*__[^/]*\\/.*$"
    }
  ]
}